id,title,origin,basis,sourceOrigin,taxonomy,verification,body,evidence,questions,references,referencesNote,glossaryReferences,hypotheses,disclaimer
"no-column-for-you","There is no column for you","ai","structural","","","","This research can describe who sells the technology, who buys it, what they paid, when the contract renews, which law applies and how mature each rollout is. Across eleven tables and 1,922 records, the person a system is used on appears in exactly one place: as someone who sued. Rollout maturity is even measured on a scale that runs from innovator to laggard — the buyer's vocabulary, end to end.","10 of 1,922 records describe an individual, all of them litigants | 0 of 99 regulations record a route to individual review | adoption_stage vocabulary: innovator → early-adopter → early-majority → late-majority → laggard","","","","","",""
"accountability-not-wired","Accountability isn't wired to deployment, even in the schema","ai","structural","","","","Litigation records carry a vendor, a domain, a court and an outcome — but nothing links a ruling to the specific systems it concerned. A finding and the deployments it should govern cannot be joined. The accountability gap is not only a policy problem; it is visible as a missing relationship in the data model.","litigation table: no deployment reference on any of 46 records | regulations record which domains are affected, not which systems","","","","","",""
"findings-dont-stop-deployment","A regulator finding does not stop a deployment","ai","documented","","","","Data-protection authorities in seven countries have each found against the same company for collecting people's biometric data without consent. The operation continues. A ruling, on this record, is a cost rather than a stop.","Clearview AI: ICO (UK), CNIL (France), Garante (Italy), HDPA (Greece), AP (Netherlands), OAIC (Australia), OPC (Canada) | Additional US actions: In re Clearview AI (BIPA, MDL 2967), ACLU v Clearview AI","","","","","",""
"emergency-systems-withdrawn","Systems built for an emergency get switched off after it","ai","documented","","","","Ten of the fourteen pandemic-response deployments in this record are decommissioned. The arrival of a capability is not a commitment to maintain it — which matters most for anyone who came to depend on one.","22 of 399 deployments decommissioned; 10 of those are pandemic-response | By contrast: health 32 deployments (29 live), law enforcement 31 (27 live)","","","","","",""
"organised-harassment-is-fact","Organised covert harassment of individuals is established fact","ai","documented","","","","Not a theory, and not confined to states. Seven decided or settled cases in this record describe sustained, deniable targeting of named people — by police forces and by corporations. Two further entries are included as context and as a contested case, and are labelled as such rather than counted alongside these.","Socialist Workers Party v Attorney General — COINTELPRO burglaries, informants, mail-opening | UK Undercover Policing (Spy Cops) — Investigatory Powers Tribunal, ongoing | HP boardroom pretexting — settled with the California Attorney General | eBay cyberstalking of two journalists — settled | Nestlé/Securitas infiltration of Attac — decided, Lausanne | WhatsApp/Meta v NSO Group — Pegasus, on appeal","","","","","",""
"official-is-not-independent","“Official” is not the same as “independent”","ai","documented","","","","73 of the 87 vendor-published sources in this research carry the top evidence tier. That is defensible for a fact like which company won which contract, and it is not the same as independent confirmation. Stated here because a reader deserves to weigh it, and because the limits of a record are part of the record.","660 citations across 604 distinct URLs and 389 publishers | Tier A 323 · Tier B 285 · Tier C 52 | 0 of 660 sources currently hold an archived copy","","","","","",""
"fined-in-europe-hired-in-america","Fined in Europe, hired in America","ai","documented","","","","One facial-recognition company has been fined roughly €90 million by four European regulators for collecting people's faces without asking, and ordered to delete data in Australia and Canada. Over the same period, US Immigration and Customs Enforcement paid it $12.75 million — one of those the largest facial-recognition purchase ICE has made. Its American class-action settlement was paid in company shares rather than cash. One arm of government is penalising what another arm is buying, and nothing in this record shows the two ever meeting.","Clearview AI appears in 15 of the 46 litigation records — the most of any single company | Fines: Italy, France, Greece and the Netherlands totalling about €90.5m, plus a €5.2m penalty for non-payment | ICE awards recorded FY25 $9m and FY26 $3.75m | US settlement paid as roughly 23% of company equity, not cash","","","","","",""
"local-law-does-not-mean-local","A law saying “keep it local” doesn’t keep it local","ai","structural","","","","Twenty countries in this record have rules requiring government data to stay within their borders. In ten of the countries where we can see actual deployments, most government workloads still run on American companies anyway. The only places where that genuinely changes are the ones that shut those companies out altogether — and even there, the few remaining records are exits rather than operations.","44 of 99 regulations carry a localisation requirement, across 20 geographies | US-headquartered vendors still hold the majority in 10 of them — Australia 25 of 26, Israel 15 of 15, Netherlands 7 of 7, Denmark 4 of 4 | Displacement only under explicit exclusion: China 3 of 28, Russia 3 of 23 — and all three Russian records are decommissioned | 34 of 107 vendors are US-based, but they hold 273 of 399 deployments","","","","","",""
"headline-spending-is-not-spending","The headline spending figure is not what governments spent","ai","structural","","","","Add up every value in this dataset and you get about $102.8 billion. Roughly a third of that is not government money at all — it is companies announcing their own investments: a data-centre expansion in Saudi Arabia, a stake bought in another firm. And one $9 billion US defence contract is counted four separate times, once for each supplier on it. We are pointing this out about our own dataset because anyone quoting the total as government spending would be wrong.","About $34.3bn of the $102.8bn total is vendor capital expenditure or regional pledges | Includes Oracle’s $14bn Saudi expansion and Microsoft’s $1.5bn equity stake in G42 — the buyer field reads “Microsoft (equity into G42)” | The JWCC $9bn ceiling appears four times, once per awarded vendor | 47 of 90 awards record no value at all, including the UK intelligence-community contract","","","","","",""
"sequence-cannot-be-proven","We cannot prove which came first, the law or the system","ai","structural","","","","The timeline shows laws and deployments together, and it is tempting to read cause into the order they appear. The data does not support that reading. The fields built to link one event to another were never filled in, and the deployment records carry no date at all. Thirty-two events are tagged with labels like “law follows capability”, but those tags point at nothing. Treat the timeline as two stories shown side by side, not as one causing the other.","milestones.linked_milestone_id: empty in all 311 rows | milestones.lag_days: empty in all 311 rows | 32 of 311 milestones carry a relationship label with no target | The deployments table has no date field of any kind","","","","","",""
"has-an-attack-happened","Has an attack happened?","author","pattern","journal","","unverified","The author reports experiences interpreted as possible unconsented-to auditory or neurological communication, along with perceived coercive messages, including messages related to self-harm or harm to others. The author interprets some reported messages through the site's Zersetzung-tactics framework; this is an unverified, site-specific interpretive lens and does not establish a source, cause, or coordinated activity. The author does not know the mechanism and raises possible explanations only as hypotheses. This is a dated record of reported experience, not evidence that any particular technology, transmission infrastructure, person, organization, or coordinated campaign is responsible. No conclusion should be drawn without independent technical testing, corroboration, and reliable records.","","What independently verifiable evidence would distinguish an external event from other possible explanations? | Are there original recordings, contemporaneous notes, technical measurements, or witnesses that can be evaluated independently? | Is there reliable evidence identifying a specific technology, person, or organization? | Does any verified data collection or processing meet the legal definition of neural data under Colorado law? | What official inquiry, technical assessment, or corroborating record would be needed before drawing a conclusion?","Journal entry — 27 Feb 2025 | The Guardian — military AI surveillance (context only) | Colorado HB24-1058 — neural data","The journal is an unverified first-person report. The Guardian article is context about surveillance elsewhere and is not evidence of a connection. Colorado law is relevant only if qualifying data collection or processing is established.","Zersetzung tactics","","This concept records reported experience and open questions. Zersetzung is used only as an unverified, site-specific interpretive framework. The concept does not establish an attack, technology, responsible party, organization, or coordinated campaign."
"is-manipulation-happening","Is manipulation happening?","author","pattern","journal","","unverified","The journal records experiences the author perceived as coercive or controlling, including messages interpreted as pressure to obey, withdraw, or harm oneself or others. These reports raise a question about how repeated perceived messages can affect a person's sense of agency and safety. They do not establish an external source, a specific technology, or a coordinated effort.","","Which entries preserve original recordings, notes, or other material that can be independently assessed? | Are there identifiable, observable events that corroborate a perceived instruction or threat? | What alternative explanations should be considered before assigning cause? | What support helps a person regain safety and agency when messages feel coercive?","","Journal accounts are unverified first-person reports; no independent connection to a source, technology, or organization has been established.","","","This concept documents reported experience and open questions. It does not establish an external source, technology, responsible party, or coordinated effort."
"spirit-world-interpretations","How should spirit world interpretations be understood?","author","pattern","journal","","unverified","The journal includes experiences the author interprets through a spirit world narrative, including perceived communications and physical sensations. Some reported interpretations connect those experiences to a claimed historical or military framework and to the glossary term Diving. Those connections remain unverified. The archive does not establish that any military training practice, remote brain-to-brain connection, or specific technology is responsible. This concept preserves the reported interpretation while keeping the source and mechanism open to independent verification.","","What source material supports the claimed historical or military background? | Which reported details are directly observable, recorded, or independently corroborated? | What would distinguish a documented neuroscience device from a proposed explanation that lacks evidence? | Is there reliable evidence connecting Diving to any real-world technology or practice? | What alternative explanations should be considered before drawing a conclusion?","NIH — brain-computer device helps man speak | FDA — neurological devices","Diving is a site-specific glossary term, not independent evidence. The neuroscience sources provide context about current consent-based devices and do not support the reported mechanism.","Diving","","This concept preserves reported interpretation and does not establish a military practice, remote brain-to-brain connection, technology, or responsible party."
"obedience-to-a-stranger","Are people expected to be obedient to a stranger?","author","pattern","journal","","unverified","The journal records messages the author interpreted as demands for obedience. The author's working hypothesis is that reported experiences may involve an LRAD or comparable external audio technology, possibly delivered through infrastructure such as radio towers or satellites; this remains unverified. This concept asks how perceived pressure can affect agency, safety, and day-to-day participation. The site's Zersetzung-tactics framework is an unverified, site-specific interpretive lens and does not establish a source, cause, or coordinated activity. Milgram's obedience research provides limited historical context about apparent authority in a controlled experiment; it does not establish a connection to unknown communications described in the journal.","","Which journal entries preserve observable impacts on work, housing, health, or relationships? | What independent evidence would be needed to establish an external source or organized activity? | What helps a person maintain agency and safety when messages feel coercive? | What alternative explanations should be considered before drawing conclusions?","Milgram (1963) — Behavioral study of obedience","The journal is an unverified first-person source. Milgram is historical context about an apparent authority in a controlled study, not evidence of an external communication system.","Zersetzung tactics | obedience experiment","","This concept documents reported experience and open questions. It does not establish an LRAD, other technology, delivery infrastructure, source, responsible party, or coordinated activity."
"system-functionality","System functionality","author","pattern","journal","","unverified","This parent concept groups the author's unverified working hypotheses about possible system functionality. It provides a structured place to record proposed mechanisms, the evidence that would be needed to assess them, and alternative explanations. It does not establish that a system, technology, participant, mechanism, or attribution exists.","","What observable, repeatable effect is being claimed? | What equipment, measurements, logs, or independent experts would be needed to test it? | What result would disconfirm the hypothesis? | What alternative explanations account for the same reported experience?","","The listed glossary terms are site-specific and not independent evidence.","Diving | Neuro-engagement","Connection hypothesis | POV visual-experience hypothesis | Identity-presentation hypothesis | Observation-without-coercion hypothesis","This concept records assumptions and open questions. It does not establish a system, technology, participant, mechanism, or attribution."
"responsible-neural-audit","What would a responsible neural audit look like?","ai","structural","external_research","Public Accountability","unverified","Neural audit is used here as a proposed accountability framework, not as the name of a verified municipal service. It asks how a community member could document a concern, identify what can actually be tested, and understand the limits of each assessment. A responsible framework separates health, environmental measurement, preserved evidence, and rights or process questions. It does not establish a source, technology, injury, crime, or cause.","","Which existing local services can address health, environmental, evidence, and rights questions? | What qualifications, calibration standards, and privacy protections should be required? | How can a resident obtain an independent second opinion? | What evidence threshold should be required before referral to law enforcement or a regulatory body?","US DOJ — forensic science | NIST — OSAC registry | Forensic neuroscience research (Taylor & Francis)","These sources describe established forensic science and forensic-neuroscience research. They do not establish a public neural-audit service or validate an unconsented communication mechanism.","","","This is a proposed public-interest framework. It does not establish that a neural audit, a relevant technology, or a causal explanation exists."
"translation-or-telepathic-communication","Is language translation or telepathic communication happening?","author","pattern","journal","Current Situation","unverified","The author reports perceived communication that seems to occur both as sound in the environment and as an internal experience. The author also reports an impression that people may experience the communication in their own native language. The author records sometimes covering the ears to notice whether a perceived sound changes. This is a personal observation, not a validated diagnostic test. The reports do not establish telepathic communication, language translation, voice-to-skull technology, direct brain communication, an external source, or any other mechanism.","","Which journal entries describe language, translation, or changes in perceived sound? | Is there an independently preserved recording or other observable material? | What qualified assessment could distinguish environmental sound from other possible explanations? | What alternative explanations should be considered before assigning a mechanism?","","The journal is an unverified first-person source. Changes in perceived sound while covering the ears do not identify a source or mechanism.","","","This concept records the author's reported experience and questions. It does not establish telepathic communication, a technology, a source, or a cause."
"automatic-translation-access","Could automatic language translation improve travel and communication access?","ai","structural","external_research","Future State","unverified","Automatic translation already has practical forms in phones, captions, text-to-speech, speech-to-text, and augmentative and alternative communication tools. This future-state question asks how such tools could become faster, more accurate, more private, and more accessible with informed consent and user control. It does not establish telepathic translation or a brain-to-brain connection.","","How can translation tools become more accessible for travelers and people who use assistive communication? | What consent, privacy, and accuracy safeguards should govern future communication tools?","WHO — deafness and hearing loss","WHO reports that about 430 million people worldwide require rehabilitation for disabling hearing loss. This is context about access needs, not evidence for a proposed neural mechanism.","","","This concept is a future-state question. It does not establish telepathic translation, access to private thought, or a brain-to-brain connection."
"future-neurotech-translation","Could future neurotechnology support faster translation?","author","pattern","journal","Future State","unverified","The author speculates that a future, consent-based brain-to-brain system could use signals associated with intended speech, including what the author calls an efference-copy space, to translate communication with very little delay. In this proposed model, a person could intentionally communicate across languages while traveling or using accessibility tools, without relying on spoken words. This is an unverified future-state hypothesis and does not establish that brain-to-brain communication, access to intended speech, direct neural translation, or a shared communication space currently exists.","","What evidence would be needed to show that intended communication can be decoded accurately and voluntarily? | What safeguards would prevent access to private thoughts beyond intentional communication?","Efference copy — research overview","Efference copy is an established neuroscience concept involving copies of motor commands. The source does not support a brain-to-brain translation mechanism.","","","This concept records the author's future-state speculation. It does not establish a brain-to-brain system, access to intended speech, direct neural translation, or a shared communication space."
